<?xml version="1.0" encoding="UTF-8" ?>
<!DOCTYPE mapper PUBLIC "-//mybatis.org//DTD Mapper 3.0//EN" "http://mybatis.org/dtd/mybatis-3-mapper.dtd">
<mapper namespace="com.southwind.repository.AccountRepository">

    <resultMap id="accoutMap" type="com.southwind.entity.Account">
        <id column="aid" property="id"></id>
        <result column="aname" property="name"></result>
        <collection property="courses" ofType="com.southwind.entity.Course">
            <id column="cid" property="id"/>
            <result column="cname" property="name"/>
        </collection>
    </resultMap>

    <select id="findById" parameterType="java.lang.Integer" resultMap="accoutMap">
        select a.id aid,a.name aname,c.id cid,c.name cname from t_account a,account_course ac,t_course c where a.id = #{id} and a.id = ac.aid and c.id = ac.cid
    </select>

</mapper>