<?xml version="1.0" encoding="UTF-8" ?>
<!DOCTYPE mapper PUBLIC "-//mybatis.org//DTD Mapper 3.0//EN" "http://mybatis.org/dtd/mybatis-3-mapper.dtd">
<mapper namespace="com.southwind.repository.OrderRepository">

    <resultMap id="orderMap" type="com.southwind.entity.Order">
        <id column="id" property="id"></id>
        <result column="name" property="name"></result>
        <association
                property="customer"
                javaType="com.southwind.entity.Customer"
                select="com.southwind.repository.CustomerRepository.findById"
                column="cid"
        ></association>
    </resultMap>

    <select id="findById" parameterType="java.lang.Integer" resultMap="orderMap">
        select * from orders where id = #{id}
    </select>

</mapper>