<?xml version="1.0" encoding="UTF-8" ?>
<!DOCTYPE mapper PUBLIC "-//mybatis.org//DTD Mapper 3.0//EN" "http://mybatis.org/dtd/mybatis-3-mapper.dtd">
<mapper namespace="com.southwind.repository.StudentRepository">

    <resultMap id="studentMap" type="com.southwind.entity.Student">
        <id column="sid" property="id"></id>
        <result column="sname" property="name"></result>
        <association property="classes" javaType="com.southwind.entity.Classes">
            <id property="id" column="cid"></id>
            <result property="name" column="cname"></result>
        </association>
    </resultMap>

    <select id="findById" parameterType="java.lang.Integer" resultMap="studentMap">
        select s.id sid,s.name sname,c.id cid,c.name cname from t_student s,t_classes c where s.id = #{id} and s.cid = c.id
    </select>

</mapper>