<?xml version="1.0" encoding="UTF-8" ?>
<!DOCTYPE mapper PUBLIC "-//mybatis.org//DTD Mapper 3.0//EN" "http://mybatis.org/dtd/mybatis-3-mapper.dtd">
<mapper namespace="com.southwind.repository.UserRepository">

<!--    <select id="findByUser" parameterType="com.southwind.entity.User" resultType="com.southwind.entity.User">-->
<!--        select * from t_user-->
<!--        <where>-->
<!--            <if test="id!=null">-->
<!--                id = #{id}-->
<!--            </if>-->
<!--            <if test="username!=null">-->
<!--                and username = #{username}-->
<!--            </if>-->
<!--            <if test="password!=null">-->
<!--                and password = #{password}-->
<!--            </if>-->
<!--            <if test="age!=null">-->
<!--                and age = #{age}-->
<!--            </if>-->
<!--        </where>-->
<!--    </select>-->

<!--    <select id="findByUser" parameterType="com.southwind.entity.User" resultType="com.southwind.entity.User">-->
<!--        select * from t_user-->
<!--        <where>-->
<!--            <choose>-->
<!--                <when test="id!=null">-->
<!--                    id = #{id}-->
<!--                </when>-->
<!--                <when test="username!=null">-->
<!--                    and username = #{username}-->
<!--                </when>-->
<!--                <when test="password!=null">-->
<!--                    and password = #{password}-->
<!--                </when>-->
<!--                <when test="age!=null">-->
<!--                    and age = #{age}-->
<!--                </when>-->
<!--            </choose>-->
<!--        </where>-->
<!--    </select>-->

    <select id="findByUser" parameterType="com.southwind.entity.User" resultType="com.southwind.entity.User">
        select * from t_user
        <trim prefix="where" prefixOverrides="and">
            <if test="id!=null">
                id = #{id}
            </if>
            <if test="username!=null">
                and username = #{username}
            </if>
            <if test="password!=null">
                and password = #{password}
            </if>
            <if test="age!=null">
                and age = #{age}
            </if>
        </trim>
    </select>

    <update id="update" parameterType="com.southwind.entity.User">
        update t_user
        <set>
            <if test="username!=null">
                username = #{username},
            </if>
            <if test="password!=null">
                password = #{password},
            </if>
            <if test="age!=null">
                age = #{age}
            </if>
        </set>
        where id = #{id}
    </update>

</mapper>