<?xml version="1.0" encoding="UTF-8"?>
<beans xmlns="http://www.springframework.org/schema/beans"
       xmlns:xsi="http://www.w3.org/2001/XMLSchema-instance"
       xmlns:context="http://www.springframework.org/schema/context"
       xmlns:p="http://www.springframework.org/schema/p"
       xsi:schemaLocation="http://www.springframework.org/schema/beans http://www.springframework.org/schema/beans/spring-beans-3.2.xsd
	http://www.springframework.org/schema/context http://www.springframework.org/schema/context/spring-context-4.3.xsd
">

    <bean id="user1" class="com.southwind.entity.User">
        <property name="id" value="1"></property>
        <property name="name" value="张三"></property>
    </bean>

    <bean id="user2" class="com.southwind.entity.User" parent="user1">
        <property name="name" value="李四"></property>
    </bean>

    <bean id="account" class="com.southwind.entity.Account" parent="user1"></bean>

</beans>