<?xml version="1.0" encoding="UTF-8"?>
<beans xmlns="http://www.springframework.org/schema/beans"
       xmlns:xsi="http://www.w3.org/2001/XMLSchema-instance"
       xmlns:context="http://www.springframework.org/schema/context"
       xmlns:p="http://www.springframework.org/schema/p"
       xsi:schemaLocation="http://www.springframework.org/schema/beans http://www.springframework.org/schema/beans/spring-beans-3.2.xsd
	http://www.springframework.org/schema/context http://www.springframework.org/schema/context/spring-context-4.3.xsd
">

    <bean id="person" class="com.southwind.entity.Person" autowire="byType">
        <property name="id" value="1"></property>
        <property name="name" value="张三"></property>
    </bean>

    <bean id="car" class="com.southwind.entity.Car">
        <constructor-arg name="num" value="2"></constructor-arg>
        <constructor-arg name="brand" value="奥拓"></constructor-arg>
    </bean>

    <bean id="car2" class="com.southwind.entity.Car">
        <constructor-arg name="num" value="1"></constructor-arg>
        <constructor-arg name="brand" value="奥迪"></constructor-arg>
    </bean>

    <bean id="classes" class="com.southwind.entity.Classes"></bean>

</beans>