<?xml version="1.0" encoding="UTF-8"?>
<beans xmlns="http://www.springframework.org/schema/beans"
       xmlns:xsi="http://www.w3.org/2001/XMLSchema-instance"
       xmlns:context="http://www.springframework.org/schema/context"
       xmlns:p="http://www.springframework.org/schema/p"
       xsi:schemaLocation="http://www.springframework.org/schema/beans http://www.springframework.org/schema/beans/spring-beans-3.2.xsd
	http://www.springframework.org/schema/context http://www.springframework.org/schema/context/spring-context-4.3.xsd
">

    <!-- Classes -->
    <bean id="classes" class="com.southwind.entity.Classes">
        <property name="id" value="1"></property>
        <property name="name" value="一班"></property>
        <property name="studentList">
            <list>
                <ref bean="student"></ref>
                <ref bean="student2"></ref>
            </list>
        </property>
    </bean>

    <!-- Student -->
    <bean id="student" class="com.southwind.entity.Student">
        <property name="id" value="100"></property>
        <property name="name" value="张三"></property>
        <property name="age" value="22"></property>
        <property name="classes" ref="classes"></property>
    </bean>

    <bean id="student2" class="com.southwind.entity.Student">
        <property name="id" value="200"></property>
        <property name="name" value="李四"></property>
        <property name="age" value="18"></property>
        <property name="classes" ref="classes"></property>
    </bean>

</beans>