<?xml version="1.0" encoding="UTF-8"?>
<beans xmlns="http://www.springframework.org/schema/beans"
       xmlns:xsi="http://www.w3.org/2001/XMLSchema-instance"
       xmlns:context="http://www.springframework.org/schema/context"
       xmlns:p="http://www.springframework.org/schema/p"
       xsi:schemaLocation="http://www.springframework.org/schema/beans http://www.springframework.org/schema/beans/spring-beans-3.2.xsd
	http://www.springframework.org/schema/context http://www.springframework.org/schema/context/spring-context-4.3.xsd
">

    <!-- 静态工厂 -->
    <bean id="car1" class="com.southwind.factory.StaticCarFactory" factory-method="getCar">
        <constructor-arg value="1"></constructor-arg>
    </bean>

    <!-- 实例工厂 -->
    <bean id="instanceCarFactory" class="com.southwind.factory.InstanceCarFactory"></bean>
    <!-- 通过实例工厂获取Car -->
    <bean id="car2" factory-bean="instanceCarFactory" factory-method="getCar">
        <constructor-arg value="2"></constructor-arg>
    </bean>

</beans>