<?xml version="1.0" encoding="UTF-8"?>
<beans xmlns="http://www.springframework.org/schema/beans"
       xmlns:xsi="http://www.w3.org/2001/XMLSchema-instance"
       xmlns:context="http://www.springframework.org/schema/context"
       xmlns:mvc="http://www.springframework.org/schema/mvc"
       xsi:schemaLocation="http://www.springframework.org/schema/beans http://www.springframework.org/schema/beans/spring-beans.xsd http://www.springframework.org/schema/context http://www.springframework.org/schema/context/spring-context.xsd
       http://www.springframework.org/schema/mvc
       http://www.springframework.org/schema/mvc/spring-mvc-3.2.xsd">

    <!-- 配置自动扫描 -->
    <context:component-scan base-package="com.southwind"></context:component-scan>

    <!-- 视图解析器 -->
    <bean class="org.springframework.web.servlet.view.InternalResourceViewResolver">
        <!-- 前缀 -->
        <property name="prefix" value="/"></property>
        <!-- 后缀 -->
        <property name="suffix" value=".jsp"></property>
    </bean>

   <bean id="conversionService" class="org.springframework.context.support.ConversionServiceFactoryBean">
       <property name="converters">
           <list>
               <bean class="com.southwind.converter.DateConverter">
                   <constructor-arg type="java.lang.String" value="yyyy-MM-dd"></constructor-arg>
               </bean>
               <bean class="com.southwind.converter.StudentConverter"></bean>
           </list>
       </property>
   </bean>

    <mvc:annotation-driven conversion-service="conversionService">
        <!-- 消息转换器 -->
        <mvc:message-converters>
            <bean class="org.springframework.http.converter.StringHttpMessageConverter">
                <property name="supportedMediaTypes" value="text/json;charset=UTF-8"></property>
            </bean>
            <!-- fastjson -->
            <bean class="com.alibaba.fastjson.support.spring.FastJsonHttpMessageConverter4"></bean>
        </mvc:message-converters>
    </mvc:annotation-driven>
</beans>