<?xml version="1.0" encoding="UTF-8" ?>
<!DOCTYPE mapper PUBLIC "-//mybatis.org//DTD Mapper 3.0//EN" "http://mybatis.org/dtd/mybatis-3-mapper.dtd">
<mapper namespace="com.southwind.repository.ClassesRepository">

    <resultMap id="classesMap" type="com.southwind.entity.Classes">
        <id property="id" column="cid"></id>
        <result property="name" column="cname"></result>
        <collection property="students" ofType="com.southwind.entity.Student">
            <id property="id" column="sid"></id>
            <result property="name" column="sname"></result>
        </collection>
    </resultMap>

    <select id="findById" parameterType="java.lang.Integer" resultMap="classesMap">
        select c.id cid,c.name cname,s.id sid,s.name sname from t_classes c,t_student s where c.id = 1 and c.id = s.cid
    </select>

</mapper>