<?xml version="1.0" encoding="UTF-8" ?>
<!DOCTYPE mapper PUBLIC "-//mybatis.org//DTD Mapper 3.0//EN" "http://mybatis.org/dtd/mybatis-3-mapper.dtd">
<mapper namespace="com.southwind.repository.PeopleRepository">
    <insert id="save" parameterType="com.southwind.entity.People">
        insert into people(name,money) values(#{name},#{money})
    </insert>

    <delete id="deleteById" parameterType="java.lang.Integer">
        delete from people where id = #{id}
    </delete>

    <update id="update" parameterType="com.southwind.entity.People">
        update people set name = #{name},money = #{money} where id = #{id}
    </update>

    <select id="findById" parameterType="java.lang.Integer" resultType="com.southwind.entity.People">
        select * from people where id = #{id}
    </select>

    <select id="findAll" resultType="com.southwind.entity.People">
        select * from people
    </select>

    <select id="findById2" parameterType="int" resultType="com.southwind.entity.People">
        select * from people where id = #{id}
    </select>

    <select id="findByName" parameterType="java.lang.String" resultType="com.southwind.entity.People">
        select * from people where name = #{name}
    </select>

    <select id="findByIdAndName" resultType="com.southwind.entity.People">
        select * from people where id = #{id} and name = #{name}
    </select>

    <select id="count" resultType="java.lang.Integer">
        select count(*) from people
    </select>

    <select id="findNameById" parameterType="java.lang.Integer" resultType="java.lang.String">
        select name from people where id = #{id}
    </select>
</mapper>