<?xml version="1.0" encoding="UTF-8"?>
<beans xmlns="http://www.springframework.org/schema/beans"
       xmlns:xsi="http://www.w3.org/2001/XMLSchema-instance"
       xmlns:context="http://www.springframework.org/schema/context"
       xmlns:p="http://www.springframework.org/schema/p"
       xsi:schemaLocation="http://www.springframework.org/schema/beans http://www.springframework.org/schema/beans/spring-beans-3.2.xsd
	http://www.springframework.org/schema/context http://www.springframework.org/schema/context/spring-context-4.3.xsd
">

    <bean id="car" class="com.southwind.entity.Car">
        <property name="num" value="1"></property>
        <property name="brand" value="奥迪"></property>
        <property name="price" value="30.5"></property>
    </bean>

    <bean id="car2" class="com.southwind.entity.Car">
        <property name="num" value="2"></property>
        <property name="brand" value="奥拓"></property>
    </bean>

</beans>