<?xml version="1.0" encoding="UTF-8"?>
<beans xmlns="http://www.springframework.org/schema/beans"
       xmlns:xsi="http://www.w3.org/2001/XMLSchema-instance"
       xmlns:context="http://www.springframework.org/schema/context"
       xmlns:p="http://www.springframework.org/schema/p"
       xsi:schemaLocation="http://www.springframework.org/schema/beans http://www.springframework.org/schema/beans/spring-beans-3.2.xsd
	http://www.springframework.org/schema/context http://www.springframework.org/schema/context/spring-context-4.3.xsd
">

    <bean id="student" class="com.southwind.entity.Student">
        <property name="id" value="1"></property>
        <property name="name" value="张三"></property>
        <property name="age" value="22"></property>
    </bean>

    <bean id="student2" class="com.southwind.entity.Student">
        <property name="id" value="2"></property>
        <property name="name" value="李四"></property>
        <property name="age" value="23"></property>
    </bean>

    <bean id="student3" class="com.southwind.entity.Student">
        <constructor-arg index="1" value="王五"></constructor-arg>
        <constructor-arg index="0" value="3"></constructor-arg>
        <constructor-arg index="2" value="18"></constructor-arg>
    </bean>

    <bean id="student4" class="com.southwind.entity.Student">
        <constructor-arg name="id" value="4"></constructor-arg>
        <constructor-arg name="name" value="小明"></constructor-arg>
    </bean>

</beans>