<?xml version="1.0" encoding="UTF-8"?>
<beans xmlns="http://www.springframework.org/schema/beans"
       xmlns:xsi="http://www.w3.org/2001/XMLSchema-instance"
       xmlns:context="http://www.springframework.org/schema/context"
       xmlns:p="http://www.springframework.org/schema/p"
       xsi:schemaLocation="http://www.springframework.org/schema/beans http://www.springframework.org/schema/beans/spring-beans-3.2.xsd
	http://www.springframework.org/schema/context http://www.springframework.org/schema/context/spring-context-4.3.xsd
">

<!--    <bean id="repository" class="com.southwind.entity.Repository"></bean>-->
    <!-- 配置自动扫包 -->
    <context:component-scan base-package="com.southwind"></context:component-scan>

<!--    <bean id="controller" class="com.southwind.controller.MyController">-->
<!--        <property name="myService" ref="service"></property>-->
<!--    </bean>-->

<!--    <bean id="service" class="com.southwind.service.impl.MyServiceImpl">-->
<!--        <property name="myRepository" ref="repository"></property>-->
<!--    </bean>-->

<!--    <bean id="repository" class="com.southwind.repository.impl.MyRepositoryImpl"></bean>-->

</beans>