<?xml version="1.0" encoding="UTF-8" ?>
<!DOCTYPE mapper PUBLIC "-//mybatis.org//DTD Mapper 3.0//EN" "http://mybatis.org/dtd/mybatis-3-mapper.dtd">
<mapper namespace="com.southwind.mybatis.repository.UserRepository">

    <select id="findAll" resultType="User">
        select * from t_user
    </select>

    <select id="findById" parameterType="java.lang.Integer" resultType="User">
        select * from t_user where id = #{id}
    </select>

    <insert id="save" parameterType="User">
        insert into t_user(username,password,age) values(#{username},#{password},#{age})
    </insert>

    <update id="update" parameterType="User">
        update t_user set username=#{username},password=#{password},age=#{age} where id = #{id}
    </update>

    <delete id="deleteById" parameterType="java.lang.Integer">
        delete from t_user where id = #{id}
    </delete>

</mapper>