{
    "msg":1,
    "data":[
        {
            "title":"一级导航1",
            "content":[
                {
                    "title":"二级导航1",
                    "content":["三级导航1","三级导航2"]
                },
                {
                    "title":"二级导航2",
                    "content":["三级导航3","三级导航4"]
                }
            ]
        },
        {
            "title":"一级导航2",
            "content":[
                {
                    "title":"二级导航1",
                    "content":["三级导航1","三级导航2"]
                },
                {
                    "title":"二级导航2",
                    "content":["三级导航3","三级导航4"]
                }
            ]
        }
    ]
}

