{
    "msg":1,
    "data":[
        {"id":1,"title":"研究称新冠病毒可通过鞋底传播","num":2000},
        {"id":2,"title":"特朗普称美国总统有绝对权威","num":1000},
        {"id":3,"title":"鲍某明案女方律师发声新","num":2400},
        {"id":4,"title":"地震十年 玉树不会忘记","num":1300},
        {"id":5,"title":"杨幂躲房车陪魏大勋拍戏","num":1220},
        {"id":6,"title":"广州111名非洲籍人员新冠检测阳性","num":3009},
        {"id":7,"title":"日本男子发热遭40家医院拒收","num":2030},
        {"id":8,"title":"韩国政府将删除N号房视频","num":5000},
        {"id":9,"title":"黑龙江8地初中毕业年级延期开学","num":8000},
        {"id":10,"title":"朱广权神总结开学心情","num":12560}
    ]
}