<?xml version="1.0" encoding="UTF-8"?>
<beans xmlns="http://www.springframework.org/schema/beans"
       xmlns:xsi="http://www.w3.org/2001/XMLSchema-instance"
       xmlns:context="http://www.springframework.org/schema/context"
       xmlns:mvc="http://www.springframework.org/schema/mvc"
       xsi:schemaLocation="http://www.springframework.org/schema/beans http://www.springframework.org/schema/beans/spring-beans.xsd http://www.springframework.org/schema/context http://www.springframework.org/schema/context/spring-context.xsd
       http://www.springframework.org/schema/mvc
       http://www.springframework.org/schema/mvc/spring-mvc-3.2.xsd">

    <!-- 配置自动扫描 -->
    <context:component-scan base-package="com.southwind"></context:component-scan>

    <!-- 视图解析器 -->
    <bean class="org.springframework.web.servlet.view.InternalResourceViewResolver">
        <!-- 前缀 -->
        <property name="prefix" value="/"></property>
        <!-- 后缀 -->
        <property name="suffix" value=".jsp"></property>
    </bean>

   <bean id="conversionService" class="org.springframework.context.support.ConversionServiceFactoryBean">
       <property name="converters">
           <list>
               <bean class="com.southwind.converter.DateConverter">
                   <constructor-arg type="java.lang.String" value="yyyy-MM-dd"></constructor-arg>
               </bean>
               <bean class="com.southwind.converter.StudentConverter"></bean>
           </list>
       </property>
   </bean>

    <mvc:annotation-driven conversion-service="conversionService">
        <!-- 消息转换器 -->
        <mvc:message-converters>
            <bean class="org.springframework.http.converter.StringHttpMessageConverter">
                <property name="supportedMediaTypes" value="text/json;charset=UTF-8"></property>
            </bean>
            <!-- fastjson -->
            <bean class="com.alibaba.fastjson.support.spring.FastJsonHttpMessageConverter4"></bean>
        </mvc:message-converters>
    </mvc:annotation-driven>

    <bean id="multipartResolver" class="org.springframework.web.multipart.commons.CommonsMultipartResolver"></bean>

<!--    <mvc:annotation-driven validator="studentValidator"></mvc:annotation-driven>-->
<!--    <bean id="studentValidator" class="com.southwind.validation.StudentValidation"></bean>-->

    <mvc:annotation-driven></mvc:annotation-driven>

    <!-- 国际化资源文件 -->
    <bean id="messageSource" class="org.springframework.context.support.ReloadableResourceBundleMessageSource">
        <!-- 多语言配置文件放在根路径，以 language 开头 -->
        <property name="basename" value="classpath:language"></property>
        <property name="useCodeAsDefaultMessage" value="true"></property>
    </bean>

    <!-- 拦截器 -->
    <mvc:interceptors>
        <bean id="localeChangeInterceptor" class="org.springframework.web.servlet.i18n.LocaleChangeInterceptor">
            <property name="paramName" value="lang"></property>
        </bean>
    </mvc:interceptors>

    <!-- 配置 SessionLocaleResolver，动态获取 Locale 对象，存入 Session -->
    <bean id="localeResolver" class="org.springframework.web.servlet.i18n.SessionLocaleResolver"></bean>
</beans>