<?xml version="1.0" encoding="UTF-8"?>
<beans xmlns="http://www.springframework.org/schema/beans"
       xmlns:xsi="http://www.w3.org/2001/XMLSchema-instance"
       xmlns:context="http://www.springframework.org/schema/context"
       xmlns:p="http://www.springframework.org/schema/p"
       xsi:schemaLocation="http://www.springframework.org/schema/beans http://www.springframework.org/schema/beans/spring-beans-3.2.xsd
	http://www.springframework.org/schema/context http://www.springframework.org/schema/context/spring-context-4.3.xsd
">

    <!-- 导入外部资源 -->
    <context:property-placeholder location="classpath:jdbc.properties"></context:property-placeholder>
    <!-- SpEL -->
    <bean id="dataSource" class="com.southwind.entity.DataSource">
        <property name="user" value="${user}"></property>
        <property name="password" value="${password}"></property>
        <property name="driverName" value="${driverName}"></property>
        <property name="url" value="${url}"></property>
    </bean>

</beans>