{
    "msg":1,
    "data":[
        {
            "name":"佩奇",
            "age":4,
            "sex":"女",
            "phone":15612345678
        },
        {
            "name":"熊大",
            "age":5,
            "sex":"男",
            "phone":13411112222
        },{
            "name":"托马斯",
            "age":10,
            "sex":"男",
            "phone":13100009999
        },{
            "name":"亚古兽",
            "age":3,
            "sex":"男",
            "phone":18532109876
        }
    ]
}